{
    "name": "component",
    "path": "\/\/component",
    "position": 0,
    "required": true,
    "multiple": false,
    "holds_data": true,
    "datatype": "prose",
    "flags": {
        "0": {
            "name": "id",
            "required": true,
            "datatype": "xs:ID",
            "formal-name": "Component Identifier",
            "description": "A unique identifier for a component."
        },
        "1": {
            "name": "name",
            "required": false,
            "datatype": "xs:string",
            "formal-name": "Component Name",
            "description": "The component's short, human-readable name."
        },
        "2": {
            "name": "component-type",
            "required": true,
            "datatype": "string",
            "formal-name": "Component Type",
            "description": "A category describing the purpose of the component."
        }
    },
    "content": null,
    "formal-name": "Component",
    "description": "A defined component that can be part of an implemented system.",
    "model": {
        "title": {
            "name": "title",
            "path": "\/\/component\/title",
            "position": 0,
            "required": true,
            "multiple": false,
            "holds_data": true,
            "datatype": "mixed",
            "flags": {},
            "content": null,
            "formal-name": "Title",
            "description": "A title for display and navigation"
        },
        "prop": {
            "name": "prop",
            "path": "\/\/component\/prop",
            "position": 1,
            "required": false,
            "multiple": true,
            "holds_data": true,
            "datatype": "string",
            "flags": {
                "0": {
                    "name": "name",
                    "required": true,
                    "datatype": "string",
                    "formal-name": "Name",
                    "description": "Identifying the purpose and intended use of the property, part or other object."
                },
                "1": {
                    "name": "id",
                    "required": false,
                    "datatype": "xs:ID",
                    "formal-name": "Identifier",
                    "description": "Unique identifier of the containing object"
                },
                "2": {
                    "name": "ns",
                    "required": false,
                    "datatype": "xs:string",
                    "formal-name": "Namespace",
                    "description": "A namespace qualifying the name."
                },
                "3": {
                    "name": "class",
                    "required": false,
                    "datatype": "xs:NMTOKENS",
                    "formal-name": "Class",
                    "description": "Indicating the type or classification of the containing object"
                }
            },
            "content": null,
            "formal-name": "Property",
            "description": "A value with a name, attributed to the containing control, subcontrol, part, or group."
        },
        "link": {
            "name": "link",
            "path": "\/\/component\/link",
            "position": 2,
            "required": false,
            "multiple": true,
            "holds_data": true,
            "datatype": "mixed",
            "flags": {
                "0": {
                    "name": "href",
                    "required": true,
                    "datatype": "oscal-component:uri-reference",
                    "formal-name": "hypertext reference",
                    "description": "A link to a document or document fragment (actual, nominal or projected)"
                },
                "1": {
                    "name": "rel",
                    "required": false,
                    "datatype": "xs:NCName",
                    "formal-name": "Relation",
                    "description": "Describes the type of relationship provided by the link. This can be an indicator of the link's purpose."
                },
                "2": {
                    "name": "media-type",
                    "required": false,
                    "datatype": "xs:string",
                    "formal-name": "Media type",
                    "description": "Describes the media type of the linked resource"
                }
            },
            "content": null,
            "formal-name": "Link",
            "description": "A reference to a local or remote resource"
        },
        "supplier": {
            "name": "supplier",
            "path": "\/\/component\/supplier",
            "position": 3,
            "required": true,
            "multiple": false,
            "holds_data": true,
            "datatype": "prose",
            "flags": {
                "0": {
                    "name": "party-id",
                    "required": true,
                    "datatype": "xs:IDREF",
                    "formal-name": "Party Reference",
                    "description": "References a party defined in metadata."
                },
                "1": {
                    "name": "role-id",
                    "required": true,
                    "datatype": "string",
                    "formal-name": "Role identifier",
                    "description": "References a role element defined in metadata."
                }
            },
            "content": null,
            "formal-name": "Supplier",
            "description": "TBD"
        },
        "control-implementation": {
            "name": "control-implementation",
            "path": "\/\/component\/control-implementation",
            "position": 4,
            "required": false,
            "multiple": true,
            "holds_data": true,
            "datatype": "prose",
            "flags": {},
            "content": null,
            "formal-name": "Control Implementation",
            "description": "Defines how the component or capability supports a set of controls.",
            "model": {
                "can-meet-requirement-set": {
                    "name": "can-meet-requirement-set",
                    "path": "\/\/component\/control-implementation\/can-meet-requirement-set",
                    "position": 0,
                    "required": false,
                    "multiple": true,
                    "holds_data": true,
                    "datatype": "prose",
                    "flags": {
                        "0": {
                            "name": "source",
                            "required": true,
                            "datatype": "oscal-component:uri-reference",
                            "formal-name": "Source Resource Reference",
                            "description": "A reference to an OSCAL catalog or profile providing the referenced control or subcontrol definition."
                        }
                    },
                    "content": null,
                    "formal-name": "Can Meet",
                    "description": "Defines what sets of controls are supported by the component.",
                    "model": {
                        "prop": {
                            "name": "prop",
                            "path": "\/\/component\/control-implementation\/can-meet-requirement-set\/prop",
                            "position": 0,
                            "required": false,
                            "multiple": true,
                            "holds_data": true,
                            "datatype": "string",
                            "flags": {
                                "0": {
                                    "name": "name",
                                    "required": true,
                                    "datatype": "string",
                                    "formal-name": "Name",
                                    "description": "Identifying the purpose and intended use of the property, part or other object."
                                },
                                "1": {
                                    "name": "id",
                                    "required": false,
                                    "datatype": "xs:ID",
                                    "formal-name": "Identifier",
                                    "description": "Unique identifier of the containing object"
                                },
                                "2": {
                                    "name": "ns",
                                    "required": false,
                                    "datatype": "xs:string",
                                    "formal-name": "Namespace",
                                    "description": "A namespace qualifying the name."
                                },
                                "3": {
                                    "name": "class",
                                    "required": false,
                                    "datatype": "xs:NMTOKENS",
                                    "formal-name": "Class",
                                    "description": "Indicating the type or classification of the containing object"
                                }
                            },
                            "content": null,
                            "formal-name": "Property",
                            "description": "A value with a name, attributed to the containing control, subcontrol, part, or group."
                        },
                        "link": {
                            "name": "link",
                            "path": "\/\/component\/control-implementation\/can-meet-requirement-set\/link",
                            "position": 1,
                            "required": false,
                            "multiple": true,
                            "holds_data": true,
                            "datatype": "mixed",
                            "flags": {
                                "0": {
                                    "name": "href",
                                    "required": true,
                                    "datatype": "oscal-component:uri-reference",
                                    "formal-name": "hypertext reference",
                                    "description": "A link to a document or document fragment (actual, nominal or projected)"
                                },
                                "1": {
                                    "name": "rel",
                                    "required": false,
                                    "datatype": "xs:NCName",
                                    "formal-name": "Relation",
                                    "description": "Describes the type of relationship provided by the link. This can be an indicator of the link's purpose."
                                },
                                "2": {
                                    "name": "media-type",
                                    "required": false,
                                    "datatype": "xs:string",
                                    "formal-name": "Media type",
                                    "description": "Describes the media type of the linked resource"
                                }
                            },
                            "content": null,
                            "formal-name": "Link",
                            "description": "A reference to a local or remote resource"
                        },
                        "implemented-requirement": {
                            "name": "implemented-requirement",
                            "path": "\/\/component\/control-implementation\/can-meet-requirement-set\/implemented-requirement",
                            "position": 2,
                            "required": true,
                            "multiple": true,
                            "holds_data": true,
                            "datatype": "prose",
                            "flags": {
                                "0": {
                                    "name": "requirement-id",
                                    "required": false,
                                    "datatype": "xs:NCName",
                                    "formal-name": "Requirement Identifier Reference",
                                    "description": "A reference to a requirement defined on another requirement set that should be included here."
                                },
                                "1": {
                                    "name": "id",
                                    "required": false,
                                    "datatype": "xs:ID",
                                    "formal-name": "Identifier",
                                    "description": "Unique identifier of the containing object"
                                },
                                "2": {
                                    "name": "control-id",
                                    "required": false,
                                    "datatype": "xs:NCName",
                                    "formal-name": "Control Identifier Reference",
                                    "description": "A reference to a control identifier."
                                },
                                "3": {
                                    "name": "subcontrol-id",
                                    "required": false,
                                    "datatype": "xs:NCName",
                                    "formal-name": "Subcontrol Identifier Reference",
                                    "description": "A reference to a subcontrol identifier."
                                }
                            },
                            "content": null,
                            "formal-name": "Control-based Requirement",
                            "description": "TBD",
                            "model": {
                                "prop": {
                                    "name": "prop",
                                    "path": "\/\/component\/control-implementation\/can-meet-requirement-set\/implemented-requirement\/prop",
                                    "position": 0,
                                    "required": false,
                                    "multiple": true,
                                    "holds_data": true,
                                    "datatype": "string",
                                    "flags": {
                                        "0": {
                                            "name": "name",
                                            "required": true,
                                            "datatype": "string",
                                            "formal-name": "Name",
                                            "description": "Identifying the purpose and intended use of the property, part or other object."
                                        },
                                        "1": {
                                            "name": "id",
                                            "required": false,
                                            "datatype": "xs:ID",
                                            "formal-name": "Identifier",
                                            "description": "Unique identifier of the containing object"
                                        },
                                        "2": {
                                            "name": "ns",
                                            "required": false,
                                            "datatype": "xs:string",
                                            "formal-name": "Namespace",
                                            "description": "A namespace qualifying the name."
                                        },
                                        "3": {
                                            "name": "class",
                                            "required": false,
                                            "datatype": "xs:NMTOKENS",
                                            "formal-name": "Class",
                                            "description": "Indicating the type or classification of the containing object"
                                        }
                                    },
                                    "content": null,
                                    "formal-name": "Property",
                                    "description": "A value with a name, attributed to the containing control, subcontrol, part, or group."
                                },
                                "link": {
                                    "name": "link",
                                    "path": "\/\/component\/control-implementation\/can-meet-requirement-set\/implemented-requirement\/link",
                                    "position": 1,
                                    "required": false,
                                    "multiple": true,
                                    "holds_data": true,
                                    "datatype": "mixed",
                                    "flags": {
                                        "0": {
                                            "name": "href",
                                            "required": true,
                                            "datatype": "oscal-component:uri-reference",
                                            "formal-name": "hypertext reference",
                                            "description": "A link to a document or document fragment (actual, nominal or projected)"
                                        },
                                        "1": {
                                            "name": "rel",
                                            "required": false,
                                            "datatype": "xs:NCName",
                                            "formal-name": "Relation",
                                            "description": "Describes the type of relationship provided by the link. This can be an indicator of the link's purpose."
                                        },
                                        "2": {
                                            "name": "media-type",
                                            "required": false,
                                            "datatype": "xs:string",
                                            "formal-name": "Media type",
                                            "description": "Describes the media type of the linked resource"
                                        }
                                    },
                                    "content": null,
                                    "formal-name": "Link",
                                    "description": "A reference to a local or remote resource"
                                },
                                "using": {
                                    "name": "using",
                                    "path": "\/\/component\/control-implementation\/can-meet-requirement-set\/implemented-requirement\/using",
                                    "position": 2,
                                    "required": false,
                                    "multiple": false,
                                    "holds_data": false,
                                    "datatype": "none",
                                    "flags": {},
                                    "content": null,
                                    "formal-name": "Using",
                                    "description": "The set of implementations needed to support the control requirements.",
                                    "model": {
                                        "implementation": {
                                            "name": "implementation",
                                            "path": "\/\/component\/control-implementation\/can-meet-requirement-set\/implemented-requirement\/using\/implementation",
                                            "position": 0,
                                            "required": true,
                                            "multiple": true,
                                            "holds_data": true,
                                            "datatype": "prose",
                                            "flags": {
                                                "0": {
                                                    "name": "configuration-id",
                                                    "required": false,
                                                    "datatype": "xs:IDREF",
                                                    "formal-name": "Configuration Identifier Reference",
                                                    "description": "A reference to a configuration defined on the component."
                                                },
                                                "1": {
                                                    "name": "artifact-id",
                                                    "required": false,
                                                    "datatype": "xs:IDREF",
                                                    "formal-name": "Artifact Identifier Reference",
                                                    "description": "A reference to an artifact defined on the component."
                                                },
                                                "2": {
                                                    "name": "statement-id",
                                                    "required": false,
                                                    "datatype": "xs:NCName",
                                                    "formal-name": "Statement Identifier",
                                                    "description": "Pointer to a speific requirement statement within a control or subcontrol."
                                                }
                                            },
                                            "content": null,
                                            "formal-name": "Implementation",
                                            "description": "An implementation needed to support the control requirements.",
                                            "model": {
                                                "prop": {
                                                    "name": "prop",
                                                    "path": "\/\/component\/control-implementation\/can-meet-requirement-set\/implemented-requirement\/using\/implementation\/prop",
                                                    "position": 0,
                                                    "required": false,
                                                    "multiple": true,
                                                    "holds_data": true,
                                                    "datatype": "string",
                                                    "flags": {
                                                        "0": {
                                                            "name": "name",
                                                            "required": true,
                                                            "datatype": "string",
                                                            "formal-name": "Name",
                                                            "description": "Identifying the purpose and intended use of the property, part or other object."
                                                        },
                                                        "1": {
                                                            "name": "id",
                                                            "required": false,
                                                            "datatype": "xs:ID",
                                                            "formal-name": "Identifier",
                                                            "description": "Unique identifier of the containing object"
                                                        },
                                                        "2": {
                                                            "name": "ns",
                                                            "required": false,
                                                            "datatype": "xs:string",
                                                            "formal-name": "Namespace",
                                                            "description": "A namespace qualifying the name."
                                                        },
                                                        "3": {
                                                            "name": "class",
                                                            "required": false,
                                                            "datatype": "xs:NMTOKENS",
                                                            "formal-name": "Class",
                                                            "description": "Indicating the type or classification of the containing object"
                                                        }
                                                    },
                                                    "content": null,
                                                    "formal-name": "Property",
                                                    "description": "A value with a name, attributed to the containing control, subcontrol, part, or group."
                                                },
                                                "link": {
                                                    "name": "link",
                                                    "path": "\/\/component\/control-implementation\/can-meet-requirement-set\/implemented-requirement\/using\/implementation\/link",
                                                    "position": 1,
                                                    "required": false,
                                                    "multiple": true,
                                                    "holds_data": true,
                                                    "datatype": "mixed",
                                                    "flags": {
                                                        "0": {
                                                            "name": "href",
                                                            "required": true,
                                                            "datatype": "oscal-component:uri-reference",
                                                            "formal-name": "hypertext reference",
                                                            "description": "A link to a document or document fragment (actual, nominal or projected)"
                                                        },
                                                        "1": {
                                                            "name": "rel",
                                                            "required": false,
                                                            "datatype": "xs:NCName",
                                                            "formal-name": "Relation",
                                                            "description": "Describes the type of relationship provided by the link. This can be an indicator of the link's purpose."
                                                        },
                                                        "2": {
                                                            "name": "media-type",
                                                            "required": false,
                                                            "datatype": "xs:string",
                                                            "formal-name": "Media type",
                                                            "description": "Describes the media type of the linked resource"
                                                        }
                                                    },
                                                    "content": null,
                                                    "formal-name": "Link",
                                                    "description": "A reference to a local or remote resource"
                                                },
                                                "with-argument": {
                                                    "name": "with-argument",
                                                    "path": "\/\/component\/control-implementation\/can-meet-requirement-set\/implemented-requirement\/using\/implementation\/with-argument",
                                                    "position": 2,
                                                    "required": false,
                                                    "multiple": true,
                                                    "holds_data": false,
                                                    "datatype": "none",
                                                    "flags": {
                                                        "0": {
                                                            "name": "name",
                                                            "required": true,
                                                            "datatype": "xs:NCName",
                                                            "formal-name": "Argument Name",
                                                            "description": "The name of the argument."
                                                        }
                                                    },
                                                    "content": null,
                                                    "formal-name": "With Argument",
                                                    "description": "An argument to pass to the referenced configuration.",
                                                    "model": {
                                                        "use-param": {
                                                            "name": "use-param",
                                                            "path": "\/\/component\/control-implementation\/can-meet-requirement-set\/implemented-requirement\/using\/implementation\/with-argument\/use-param",
                                                            "position": 0,
                                                            "required": false,
                                                            "multiple": false,
                                                            "holds_data": true,
                                                            "datatype": "xs:NCName",
                                                            "flags": {},
                                                            "content": null,
                                                            "formal-name": "Using Parameter",
                                                            "description": "An identified parameter from the catalog or profile who's value is assigned to the argument."
                                                        }
                                                    }
                                                }
                                            }
                                        }
                                    }
                                }
                            }
                        }
                    }
                }
            }
        },
        "configuration": {
            "name": "configuration",
            "path": "\/\/component\/configuration",
            "position": 5,
            "required": false,
            "multiple": true,
            "holds_data": true,
            "datatype": "prose",
            "flags": {
                "0": {
                    "name": "id",
                    "required": true,
                    "datatype": "xs:ID",
                    "formal-name": "Configuration Identifier",
                    "description": "A unique identifier for the configuration."
                }
            },
            "content": null,
            "formal-name": "Configuration",
            "description": "Information on how to configure the component (for technical types of components).",
            "model": {
                "prop": {
                    "name": "prop",
                    "path": "\/\/component\/configuration\/prop",
                    "position": 0,
                    "required": false,
                    "multiple": true,
                    "holds_data": true,
                    "datatype": "string",
                    "flags": {
                        "0": {
                            "name": "name",
                            "required": true,
                            "datatype": "string",
                            "formal-name": "Name",
                            "description": "Identifying the purpose and intended use of the property, part or other object."
                        },
                        "1": {
                            "name": "id",
                            "required": false,
                            "datatype": "xs:ID",
                            "formal-name": "Identifier",
                            "description": "Unique identifier of the containing object"
                        },
                        "2": {
                            "name": "ns",
                            "required": false,
                            "datatype": "xs:string",
                            "formal-name": "Namespace",
                            "description": "A namespace qualifying the name."
                        },
                        "3": {
                            "name": "class",
                            "required": false,
                            "datatype": "xs:NMTOKENS",
                            "formal-name": "Class",
                            "description": "Indicating the type or classification of the containing object"
                        }
                    },
                    "content": null,
                    "formal-name": "Property",
                    "description": "A value with a name, attributed to the containing control, subcontrol, part, or group."
                },
                "link": {
                    "name": "link",
                    "path": "\/\/component\/configuration\/link",
                    "position": 1,
                    "required": false,
                    "multiple": true,
                    "holds_data": true,
                    "datatype": "mixed",
                    "flags": {
                        "0": {
                            "name": "href",
                            "required": true,
                            "datatype": "oscal-component:uri-reference",
                            "formal-name": "hypertext reference",
                            "description": "A link to a document or document fragment (actual, nominal or projected)"
                        },
                        "1": {
                            "name": "rel",
                            "required": false,
                            "datatype": "xs:NCName",
                            "formal-name": "Relation",
                            "description": "Describes the type of relationship provided by the link. This can be an indicator of the link's purpose."
                        },
                        "2": {
                            "name": "media-type",
                            "required": false,
                            "datatype": "xs:string",
                            "formal-name": "Media type",
                            "description": "Describes the media type of the linked resource"
                        }
                    },
                    "content": null,
                    "formal-name": "Link",
                    "description": "A reference to a local or remote resource"
                },
                "argument": {
                    "name": "argument",
                    "path": "\/\/component\/configuration\/argument",
                    "position": 2,
                    "required": false,
                    "multiple": true,
                    "holds_data": true,
                    "datatype": "prose",
                    "flags": {
                        "0": {
                            "name": "name",
                            "required": true,
                            "datatype": "xs:NCName",
                            "formal-name": "Argument Name",
                            "description": "The name of an argument to be passed into a script."
                        },
                        "1": {
                            "name": "type",
                            "required": true,
                            "datatype": "string",
                            "formal-name": "Argument Data Type",
                            "description": "The data type of the argument."
                        }
                    },
                    "content": null,
                    "formal-name": "argument",
                    "description": "TBD"
                },
                "mechanism": {
                    "name": "mechanism",
                    "path": "\/\/component\/configuration\/mechanism",
                    "position": 3,
                    "required": false,
                    "multiple": true,
                    "holds_data": true,
                    "datatype": "prose",
                    "flags": {
                        "0": {
                            "name": "id",
                            "required": false,
                            "datatype": "xs:ID",
                            "formal-name": "Mechanism Identifier",
                            "description": "A unique identifier for the configuration mechanism."
                        }
                    },
                    "content": null,
                    "formal-name": "mechanism",
                    "description": "Information on a mechanism used to configure the component.",
                    "model": {
                        "prop": {
                            "name": "prop",
                            "path": "\/\/component\/configuration\/mechanism\/prop",
                            "position": 0,
                            "required": false,
                            "multiple": true,
                            "holds_data": true,
                            "datatype": "string",
                            "flags": {
                                "0": {
                                    "name": "name",
                                    "required": true,
                                    "datatype": "string",
                                    "formal-name": "Name",
                                    "description": "Identifying the purpose and intended use of the property, part or other object."
                                },
                                "1": {
                                    "name": "id",
                                    "required": false,
                                    "datatype": "xs:ID",
                                    "formal-name": "Identifier",
                                    "description": "Unique identifier of the containing object"
                                },
                                "2": {
                                    "name": "ns",
                                    "required": false,
                                    "datatype": "xs:string",
                                    "formal-name": "Namespace",
                                    "description": "A namespace qualifying the name."
                                },
                                "3": {
                                    "name": "class",
                                    "required": false,
                                    "datatype": "xs:NMTOKENS",
                                    "formal-name": "Class",
                                    "description": "Indicating the type or classification of the containing object"
                                }
                            },
                            "content": null,
                            "formal-name": "Property",
                            "description": "A value with a name, attributed to the containing control, subcontrol, part, or group."
                        },
                        "link": {
                            "name": "link",
                            "path": "\/\/component\/configuration\/mechanism\/link",
                            "position": 1,
                            "required": false,
                            "multiple": true,
                            "holds_data": true,
                            "datatype": "mixed",
                            "flags": {
                                "0": {
                                    "name": "href",
                                    "required": true,
                                    "datatype": "oscal-component:uri-reference",
                                    "formal-name": "hypertext reference",
                                    "description": "A link to a document or document fragment (actual, nominal or projected)"
                                },
                                "1": {
                                    "name": "rel",
                                    "required": false,
                                    "datatype": "xs:NCName",
                                    "formal-name": "Relation",
                                    "description": "Describes the type of relationship provided by the link. This can be an indicator of the link's purpose."
                                },
                                "2": {
                                    "name": "media-type",
                                    "required": false,
                                    "datatype": "xs:string",
                                    "formal-name": "Media type",
                                    "description": "Describes the media type of the linked resource"
                                }
                            },
                            "content": null,
                            "formal-name": "Link",
                            "description": "A reference to a local or remote resource"
                        },
                        "configuration-method": {
                            "name": "configuration-method",
                            "path": "\/\/component\/configuration\/mechanism\/configuration-method",
                            "position": 2,
                            "required": true,
                            "multiple": false,
                            "holds_data": true,
                            "datatype": "prose",
                            "flags": {},
                            "content": null,
                            "formal-name": "Configuration Method",
                            "description": "A mechanism used to deploy the configuration.",
                            "model": {
                                "script": {
                                    "name": "script",
                                    "path": "\/\/component\/configuration\/mechanism\/configuration-method\/script",
                                    "position": 0,
                                    "required": true,
                                    "multiple": false,
                                    "holds_data": true,
                                    "datatype": "xs:string",
                                    "flags": {},
                                    "content": null,
                                    "formal-name": "Script",
                                    "description": "An executable script."
                                }
                            }
                        },
                        "verification-method": {
                            "name": "verification-method",
                            "path": "\/\/component\/configuration\/mechanism\/verification-method",
                            "position": 3,
                            "required": true,
                            "multiple": false,
                            "holds_data": true,
                            "datatype": "prose",
                            "flags": {},
                            "content": null,
                            "formal-name": "Verification Method",
                            "description": "A mechanism used to verify a previously deployed configuration.",
                            "model": {
                                "script": {
                                    "name": "script",
                                    "path": "\/\/component\/configuration\/mechanism\/verification-method\/script",
                                    "position": 0,
                                    "required": true,
                                    "multiple": false,
                                    "holds_data": true,
                                    "datatype": "xs:string",
                                    "flags": {},
                                    "content": null,
                                    "formal-name": "Script",
                                    "description": "An executable script."
                                }
                            }
                        }
                    }
                }
            }
        },
        "artifact": {
            "name": "artifact",
            "path": "\/\/component\/artifact",
            "position": 6,
            "required": false,
            "multiple": true,
            "holds_data": true,
            "datatype": "prose",
            "flags": {
                "0": {
                    "name": "id",
                    "required": true,
                    "datatype": "xs:ID",
                    "formal-name": "Artifact Identifier",
                    "description": "A unique identifier for the artifact."
                }
            },
            "content": null,
            "formal-name": "Configuration",
            "description": "Information on how to use the component (for documentary types of components).",
            "model": {
                "prop": {
                    "name": "prop",
                    "path": "\/\/component\/artifact\/prop",
                    "position": 0,
                    "required": false,
                    "multiple": true,
                    "holds_data": true,
                    "datatype": "string",
                    "flags": {
                        "0": {
                            "name": "name",
                            "required": true,
                            "datatype": "string",
                            "formal-name": "Name",
                            "description": "Identifying the purpose and intended use of the property, part or other object."
                        },
                        "1": {
                            "name": "id",
                            "required": false,
                            "datatype": "xs:ID",
                            "formal-name": "Identifier",
                            "description": "Unique identifier of the containing object"
                        },
                        "2": {
                            "name": "ns",
                            "required": false,
                            "datatype": "xs:string",
                            "formal-name": "Namespace",
                            "description": "A namespace qualifying the name."
                        },
                        "3": {
                            "name": "class",
                            "required": false,
                            "datatype": "xs:NMTOKENS",
                            "formal-name": "Class",
                            "description": "Indicating the type or classification of the containing object"
                        }
                    },
                    "content": null,
                    "formal-name": "Property",
                    "description": "A value with a name, attributed to the containing control, subcontrol, part, or group."
                },
                "link": {
                    "name": "link",
                    "path": "\/\/component\/artifact\/link",
                    "position": 1,
                    "required": false,
                    "multiple": true,
                    "holds_data": true,
                    "datatype": "mixed",
                    "flags": {
                        "0": {
                            "name": "href",
                            "required": true,
                            "datatype": "oscal-component:uri-reference",
                            "formal-name": "hypertext reference",
                            "description": "A link to a document or document fragment (actual, nominal or projected)"
                        },
                        "1": {
                            "name": "rel",
                            "required": false,
                            "datatype": "xs:NCName",
                            "formal-name": "Relation",
                            "description": "Describes the type of relationship provided by the link. This can be an indicator of the link's purpose."
                        },
                        "2": {
                            "name": "media-type",
                            "required": false,
                            "datatype": "xs:string",
                            "formal-name": "Media type",
                            "description": "Describes the media type of the linked resource"
                        }
                    },
                    "content": null,
                    "formal-name": "Link",
                    "description": "A reference to a local or remote resource"
                },
                "implementation-source": {
                    "name": "implementation-source",
                    "path": "\/\/component\/artifact\/implementation-source",
                    "position": 2,
                    "required": true,
                    "multiple": false,
                    "holds_data": true,
                    "datatype": "prose",
                    "flags": {
                        "0": {
                            "name": "href",
                            "required": true,
                            "datatype": "oscal-component:uri",
                            "formal-name": "Source Resource Reference",
                            "description": "Where to get the artifact"
                        }
                    },
                    "content": null,
                    "formal-name": "Artifact Implementation Source",
                    "description": "TBD",
                    "model": {
                        "prop": {
                            "name": "prop",
                            "path": "\/\/component\/artifact\/implementation-source\/prop",
                            "position": 0,
                            "required": false,
                            "multiple": true,
                            "holds_data": true,
                            "datatype": "string",
                            "flags": {
                                "0": {
                                    "name": "name",
                                    "required": true,
                                    "datatype": "string",
                                    "formal-name": "Name",
                                    "description": "Identifying the purpose and intended use of the property, part or other object."
                                },
                                "1": {
                                    "name": "id",
                                    "required": false,
                                    "datatype": "xs:ID",
                                    "formal-name": "Identifier",
                                    "description": "Unique identifier of the containing object"
                                },
                                "2": {
                                    "name": "ns",
                                    "required": false,
                                    "datatype": "xs:string",
                                    "formal-name": "Namespace",
                                    "description": "A namespace qualifying the name."
                                },
                                "3": {
                                    "name": "class",
                                    "required": false,
                                    "datatype": "xs:NMTOKENS",
                                    "formal-name": "Class",
                                    "description": "Indicating the type or classification of the containing object"
                                }
                            },
                            "content": null,
                            "formal-name": "Property",
                            "description": "A value with a name, attributed to the containing control, subcontrol, part, or group."
                        },
                        "link": {
                            "name": "link",
                            "path": "\/\/component\/artifact\/implementation-source\/link",
                            "position": 1,
                            "required": false,
                            "multiple": true,
                            "holds_data": true,
                            "datatype": "mixed",
                            "flags": {
                                "0": {
                                    "name": "href",
                                    "required": true,
                                    "datatype": "oscal-component:uri-reference",
                                    "formal-name": "hypertext reference",
                                    "description": "A link to a document or document fragment (actual, nominal or projected)"
                                },
                                "1": {
                                    "name": "rel",
                                    "required": false,
                                    "datatype": "xs:NCName",
                                    "formal-name": "Relation",
                                    "description": "Describes the type of relationship provided by the link. This can be an indicator of the link's purpose."
                                },
                                "2": {
                                    "name": "media-type",
                                    "required": false,
                                    "datatype": "xs:string",
                                    "formal-name": "Media type",
                                    "description": "Describes the media type of the linked resource"
                                }
                            },
                            "content": null,
                            "formal-name": "Link",
                            "description": "A reference to a local or remote resource"
                        }
                    }
                },
                "verification-process": {
                    "name": "verification-process",
                    "path": "\/\/component\/artifact\/verification-process",
                    "position": 3,
                    "required": true,
                    "multiple": false,
                    "holds_data": true,
                    "datatype": "prose",
                    "flags": {
                        "0": {
                            "name": "href",
                            "required": true,
                            "datatype": "oscal-component:uri",
                            "formal-name": "Verification Process Resource Reference",
                            "description": "Where to get the process to verify the artifact is implemented."
                        }
                    },
                    "content": null,
                    "formal-name": "Artifact Verification Process",
                    "description": "TBD",
                    "model": {
                        "prop": {
                            "name": "prop",
                            "path": "\/\/component\/artifact\/verification-process\/prop",
                            "position": 0,
                            "required": false,
                            "multiple": true,
                            "holds_data": true,
                            "datatype": "string",
                            "flags": {
                                "0": {
                                    "name": "name",
                                    "required": true,
                                    "datatype": "string",
                                    "formal-name": "Name",
                                    "description": "Identifying the purpose and intended use of the property, part or other object."
                                },
                                "1": {
                                    "name": "id",
                                    "required": false,
                                    "datatype": "xs:ID",
                                    "formal-name": "Identifier",
                                    "description": "Unique identifier of the containing object"
                                },
                                "2": {
                                    "name": "ns",
                                    "required": false,
                                    "datatype": "xs:string",
                                    "formal-name": "Namespace",
                                    "description": "A namespace qualifying the name."
                                },
                                "3": {
                                    "name": "class",
                                    "required": false,
                                    "datatype": "xs:NMTOKENS",
                                    "formal-name": "Class",
                                    "description": "Indicating the type or classification of the containing object"
                                }
                            },
                            "content": null,
                            "formal-name": "Property",
                            "description": "A value with a name, attributed to the containing control, subcontrol, part, or group."
                        },
                        "link": {
                            "name": "link",
                            "path": "\/\/component\/artifact\/verification-process\/link",
                            "position": 1,
                            "required": false,
                            "multiple": true,
                            "holds_data": true,
                            "datatype": "mixed",
                            "flags": {
                                "0": {
                                    "name": "href",
                                    "required": true,
                                    "datatype": "oscal-component:uri-reference",
                                    "formal-name": "hypertext reference",
                                    "description": "A link to a document or document fragment (actual, nominal or projected)"
                                },
                                "1": {
                                    "name": "rel",
                                    "required": false,
                                    "datatype": "xs:NCName",
                                    "formal-name": "Relation",
                                    "description": "Describes the type of relationship provided by the link. This can be an indicator of the link's purpose."
                                },
                                "2": {
                                    "name": "media-type",
                                    "required": false,
                                    "datatype": "xs:string",
                                    "formal-name": "Media type",
                                    "description": "Describes the media type of the linked resource"
                                }
                            },
                            "content": null,
                            "formal-name": "Link",
                            "description": "A reference to a local or remote resource"
                        }
                    }
                }
            }
        }
    }
}